1016,Hello Don!
2036,Hello Don!
3082,Hello Don!
4127,Hello Don!
5147,Hello Don!
6195,Hello Don!
7241,Hello Don!
8261,Hello Don!
9307,Hello Don!
10352,Hello Don!
11401,Hello Don!
12421,Hello Don!
13468,Hello Don!
14490,Hello Don!
15509,Hello Don!
16531,Hello Don!
17551,Hello Don!
18573,Hello Don!
19592,Hello Don!
20614,Hello Don!
21633,Hello Don!
22654,Hello Don!
23674,Hello Don!
24696,Hello Don!
25742,Hello Don!
26763,Hello Don!
27783,Hello Don!
28804,Hello Don!
29825,Hello Don!
30845,Hello Don!
31865,Hello Don!
32910,Hello Don!
33932,Hello Don!
34952,Hello Don!
35973,Hello Don!
37017,Hello Don!
38038,Hello Don!
39059,Hello Don!
40079,Hello Don!
41097,Hello Don!
